{"info":{"_postman_id":"06d79c81-21d6-4a46-8a8f-8d9c151b9297","name":"categories","schema":"https://schema.getpostman.com/json/collection/v2.1.0/collection.json"},"item":[{"name":"createCategory","id":"3fe3737a-9797-4624-b2b9-4962f9f3c363","protocolProfileBehavior":{"disableBodyPruning":true},"request":{"auth":{"type":"bearer","bearer":[{"key":"token","value":"{{token}}","type":"string"}]},"method":"POST","header":[],"body":{"mode":"raw","raw":"{\r\n    \"name\": \"Gadgets\"\r\n}","options":{"raw":{"language":"json"}}},"url":{"raw":"{{url}}/api/v1/categories","host":["{{url}}"],"path":["api","v1","categories"]}},"response":[]},{"name":"findCategories","id":"65756bab-9288-4ae2-8842-a640a67f8173","protocolProfileBehavior":{"disableBodyPruning":true},"request":{"auth":{"type":"bearer","bearer":[{"key":"token","value":"{{token}}","type":"string"}]},"method":"GET","header":[],"url":{"raw":"{{url}}/api/v1/categories","host":["{{url}}"],"path":["api","v1","categories"]}},"response":[]},{"name":"updateCategory","id":"cd633db0-2e82-4bff-826a-3aeb9451b739","protocolProfileBehavior":{"disableBodyPruning":true},"request":{"auth":{"type":"bearer","bearer":[{"key":"token","value":"{{token}}","type":"string"}]},"method":"PATCH","header":[],"body":{"mode":"raw","raw":"{\r\n    \"name\": \"Appliance\"\r\n}","options":{"raw":{"language":"json"}}},"url":{"raw":"{{url}}/api/v1/categories/2","host":["{{url}}"],"path":["api","v1","categories","2"]}},"response":[]},{"name":"deleteCategory","id":"9b535e00-0c3b-4b52-9d7c-274033586f23","protocolProfileBehavior":{"disableBodyPruning":true},"request":{"auth":{"type":"bearer","bearer":[{"key":"token","value":"{{token}}","type":"string"}]},"method":"DELETE","header":[],"url":{"raw":"{{url}}/api/v1/categories/2","host":["{{url}}"],"path":["api","v1","categories","2"]}},"response":[]},{"name":"findCategoriesCount","id":"0e0c28e9-ef84-4b18-a7de-3e5a5eeb2d32","protocolProfileBehavior":{"disableBodyPruning":true},"request":{"auth":{"type":"bearer","bearer":[{"key":"token","value":"{{token}}","type":"string"}]},"method":"GET","header":[],"url":{"raw":"{{url}}/api/v1/categories/count","host":["{{url}}"],"path":["api","v1","categories","count"]}},"response":[]}]}