{"info":{"_postman_id":"0b2a3ac8-3ebb-4272-bc47-be179b7eb9a0","name":"auth","schema":"https://schema.getpostman.com/json/collection/v2.1.0/collection.json"},"item":[{"name":"register","id":"cb2d5acf-c2ce-4114-b99e-c55012871a48","protocolProfileBehavior":{"disableBodyPruning":true},"request":{"method":"POST","header":[],"body":{"mode":"raw","raw":"{\r\n    \"email\": \"josediago@email.com\",\r\n    \"password\": \"password12345!\"\r\n}","options":{"raw":{"language":"json"}}},"url":{"raw":"{{url}}/v1/auth/register","host":["{{url}}"],"path":["v1","auth","register"]}},"response":[]},{"name":"login","event":[{"listen":"test","script":{"id":"11c50388-3f7d-4672-b997-58c5214a9cf5","exec":["const response = pm.response.json();\r","pm.environment.set(\"accessToken\", response.accessToken);\r","pm.environment.set(\"refreshToken\", response.refreshToken);"],"type":"text/javascript","packages":{}}}],"id":"cb2ae5e3-e235-4dc6-9119-ee3eee51759e","protocolProfileBehavior":{"disableBodyPruning":true},"request":{"method":"POST","header":[],"body":{"mode":"raw","raw":"{\r\n    \"email\": \"josediago@email.com\",\r\n    \"password\": \"password12345!\"\r\n}","options":{"raw":{"language":"json"}}},"url":{"raw":"{{url}}/v1/auth/login","host":["{{url}}"],"path":["v1","auth","login"]}},"response":[]},{"name":"refresh","event":[{"listen":"test","script":{"id":"977e82d7-e1d9-4f84-9422-7f3fdaccc1ed","exec":["const response = pm.response.json();\r","pm.environment.set(\"accessToken\", response.accessToken);"],"type":"text/javascript","packages":{}}}],"id":"a3961eb3-53b7-4ef8-8d36-948513a3b57a","protocolProfileBehavior":{"disableBodyPruning":true},"request":{"auth":{"type":"bearer","bearer":[{"key":"token","value":"{{refreshToken}}","type":"string"}]},"method":"POST","header":[],"url":{"raw":"{{url}}/v1/auth/refresh","host":["{{url}}"],"path":["v1","auth","refresh"]}},"response":[]}]}