{"info":{"_postman_id":"2c0ab193-9eb3-4fe0-8abc-b572d298a409","name":"sales","schema":"https://schema.getpostman.com/json/collection/v2.1.0/collection.json"},"item":[{"name":"createSale","id":"9f0938ac-69cd-42bf-910e-d7df4ea4b02a","protocolProfileBehavior":{"disableBodyPruning":true},"request":{"auth":{"type":"bearer","bearer":[{"key":"token","value":"{{token}}","type":"string"}]},"method":"POST","header":[],"body":{"mode":"raw","raw":"{\r\n    \"productId\": 1,\r\n    \"sellingPrice\": 59999.99,\r\n    \"quantity\": 2,\r\n    \"total\": 119999.98\r\n}","options":{"raw":{"language":"json"}}},"url":{"raw":"{{url}}/api/v1/sales","host":["{{url}}"],"path":["api","v1","sales"]}},"response":[]},{"name":"findSales","id":"a6a97f99-7ae6-448a-b1cc-b0c1a706626d","protocolProfileBehavior":{"disableBodyPruning":true},"request":{"auth":{"type":"bearer","bearer":[{"key":"token","value":"{{token}}","type":"string"}]},"method":"GET","header":[],"url":{"raw":"{{url}}/api/v1/sales","host":["{{url}}"],"path":["api","v1","sales"]}},"response":[]},{"name":"updateSale","id":"dfb9fb86-cb9b-4c3e-876c-04edc37a822d","protocolProfileBehavior":{"disableBodyPruning":true},"request":{"auth":{"type":"bearer","bearer":[{"key":"token","value":"{{token}}","type":"string"}]},"method":"PATCH","header":[],"body":{"mode":"raw","raw":"{\r\n    \"productId\": 2,\r\n    \"sellingPrice\": 60000.00,\r\n    \"quantity\": 3,\r\n    \"total\": 180000\r\n}","options":{"raw":{"language":"json"}}},"url":{"raw":"{{url}}/api/v1/sales/1","host":["{{url}}"],"path":["api","v1","sales","1"]}},"response":[]},{"name":"deleteSale","id":"67f2f984-6f1b-45fd-a5f0-c421efa99f8c","protocolProfileBehavior":{"disableBodyPruning":true},"request":{"auth":{"type":"bearer","bearer":[{"key":"token","value":"{{token}}","type":"string"}]},"method":"DELETE","header":[],"url":{"raw":"{{url}}/api/v1/sales/1","host":["{{url}}"],"path":["api","v1","sales","1"]}},"response":[]},{"name":"findTotalSales","id":"dc19d512-9e19-43bb-a7b0-1f2f161993b2","protocolProfileBehavior":{"disableBodyPruning":true},"request":{"auth":{"type":"bearer","bearer":[{"key":"token","value":"{{token}}","type":"string"}]},"method":"GET","header":[],"url":{"raw":"{{url}}/api/v1/sales/total","host":["{{url}}"],"path":["api","v1","sales","total"]}},"response":[]},{"name":"findTotalQuantitySoldByProduct","id":"62f036d5-d56b-4226-b04a-0e481c57255f","protocolProfileBehavior":{"disableBodyPruning":true},"request":{"auth":{"type":"bearer","bearer":[{"key":"token","value":"{{token}}","type":"string"}]},"method":"GET","header":[],"url":{"raw":"{{url}}/api/v1/sales/quantity-sold-by-product","host":["{{url}}"],"path":["api","v1","sales","quantity-sold-by-product"]}},"response":[]},{"name":"findTotalSoldByProduct","id":"de568b32-1ef3-4763-90c2-2ba63edc6705","protocolProfileBehavior":{"disableBodyPruning":true},"request":{"auth":{"type":"bearer","bearer":[{"key":"token","value":"{{token}}","type":"string"}]},"method":"GET","header":[],"url":{"raw":"{{url}}/api/v1/sales/total-sold-by-product","host":["{{url}}"],"path":["api","v1","sales","total-sold-by-product"]}},"response":[]}]}