{"info":{"_postman_id":"3be5848f-4351-4854-88db-0a4d2c88e047","name":"profiles","schema":"https://schema.getpostman.com/json/collection/v2.1.0/collection.json"},"item":[{"name":"createProfile","id":"10bf7f2f-3b3d-4c60-b607-f6d1618f6639","protocolProfileBehavior":{"disableBodyPruning":true},"request":{"auth":{"type":"bearer","bearer":[{"key":"token","value":"{{token}}","type":"string"}]},"method":"POST","header":[],"body":{"mode":"raw","raw":"{\r\n    \"firstName\": \"Jose\",\r\n    \"lastName\": \"Diago\",\r\n    \"contactNumber\": \"0912-345-6789\",\r\n    \"address\": \"Manila, Philippines\"\r\n}","options":{"raw":{"language":"json"}}},"url":{"raw":"{{url}}/api/v1/profiles","host":["{{url}}"],"path":["api","v1","profiles"]}},"response":[]},{"name":"userProfile","id":"78d5996b-dfde-4e56-bdfe-48aedf88ab6d","protocolProfileBehavior":{"disableBodyPruning":true},"request":{"auth":{"type":"bearer","bearer":[{"key":"token","value":"{{token}}","type":"string"}]},"method":"GET","header":[],"url":{"raw":"{{url}}/api/v1/profiles/user-profile","host":["{{url}}"],"path":["api","v1","profiles","user-profile"]}},"response":[]},{"name":"updateProfile","id":"a8c37e63-0095-4d7a-8536-3a6681118f35","protocolProfileBehavior":{"disableBodyPruning":true},"request":{"auth":{"type":"bearer","bearer":[{"key":"token","value":"{{token}}","type":"string"}]},"method":"PATCH","header":[],"body":{"mode":"raw","raw":"{\r\n    \"firstName\": \"Jose\",\r\n    \"lastName\": \"Diago\",\r\n    \"contactNumber\": \"0912-345-6789\",\r\n    \"address\": \"Sta. Mesa, Manila, Philippines\"\r\n}","options":{"raw":{"language":"json"}}},"url":{"raw":"{{url}}/api/v1/profiles/","host":["{{url}}"],"path":["api","v1","profiles",""]}},"response":[]},{"name":"deleteProfile","id":"fd0614ea-a9eb-44fe-b386-7588b6597be5","protocolProfileBehavior":{"disableBodyPruning":true},"request":{"auth":{"type":"bearer","bearer":[{"key":"token","value":"{{token}}","type":"string"}]},"method":"DELETE","header":[],"url":{"raw":"{{url}}/api/v1/profiles/","host":["{{url}}"],"path":["api","v1","profiles",""]}},"response":[]}]}