{"info":{"_postman_id":"4ef097d9-e01c-449b-89ac-4b28607e206c","name":"users","schema":"https://schema.getpostman.com/json/collection/v2.1.0/collection.json"},"item":[{"name":"createUser","id":"f9b7a030-d7f3-4390-a0df-b7f506b73f53","protocolProfileBehavior":{"disableBodyPruning":true},"request":{"auth":{"type":"bearer","bearer":[{"key":"token","value":"{{token}}","type":"string"}]},"method":"POST","header":[],"body":{"mode":"raw","raw":"{\r\n    \"email\": \"josediago@gmail.com\",\r\n    \"password\": \"password\"\r\n}","options":{"raw":{"language":"json"}}},"url":{"raw":"{{url}}/api/v1/users","host":["{{url}}"],"path":["api","v1","users"]}},"response":[]},{"name":"findUsers","id":"05b09747-c702-4d62-be4f-b8fe942755b4","protocolProfileBehavior":{"disableBodyPruning":true},"request":{"auth":{"type":"bearer","bearer":[{"key":"token","value":"{{token}}","type":"string"}]},"method":"GET","header":[],"url":{"raw":"{{url}}/api/v1/users","host":["{{url}}"],"path":["api","v1","users"]}},"response":[]},{"name":"updateRole","id":"37314127-3f2b-40eb-8aec-90c275b0939c","protocolProfileBehavior":{"disableBodyPruning":true},"request":{"auth":{"type":"bearer","bearer":[{"key":"token","value":"{{token}}","type":"string"}]},"method":"PATCH","header":[],"body":{"mode":"raw","raw":"{\r\n    \"isAdmin\": false\r\n}","options":{"raw":{"language":"json"}}},"url":{"raw":"{{url}}/api/v1/users/2/role","host":["{{url}}"],"path":["api","v1","users","2","role"]}},"response":[]},{"name":"deleteUser","id":"1357f4b8-7d20-4bab-a40a-99e287e68c4a","protocolProfileBehavior":{"disableBodyPruning":true},"request":{"auth":{"type":"bearer","bearer":[{"key":"token","value":"{{token}}","type":"string"}]},"method":"DELETE","header":[],"url":{"raw":"{{url}}/api/v1/users/3","host":["{{url}}"],"path":["api","v1","users","3"]}},"response":[]},{"name":"findUsersCount","id":"873b3304-ea43-49f7-8d13-f4af5ba0f108","protocolProfileBehavior":{"disableBodyPruning":true},"request":{"auth":{"type":"bearer","bearer":[{"key":"token","value":"{{token}}","type":"string"}]},"method":"GET","header":[],"url":{"raw":"{{url}}/api/v1/users/count","host":["{{url}}"],"path":["api","v1","users","count"]}},"response":[]}]}