{"info":{"_postman_id":"62661a0c-97b0-4356-9e71-b9abb2c2fc0d","name":"users","schema":"https://schema.getpostman.com/json/collection/v2.1.0/collection.json"},"item":[{"name":"getLoggedInUser","id":"5304679c-9ada-410f-a0c5-761b8ddf70ee","protocolProfileBehavior":{"disableBodyPruning":true},"request":{"auth":{"type":"bearer","bearer":[{"key":"token","value":"{{accessToken}}","type":"string"}]},"method":"GET","header":[],"url":{"raw":"{{url}}/v1/users/me","host":["{{url}}"],"path":["v1","users","me"]}},"response":[]}]}