{"info":{"_postman_id":"a3647548-8551-484c-a5e6-ec947c9c35c8","name":"auth","schema":"https://schema.getpostman.com/json/collection/v2.1.0/collection.json"},"item":[{"name":"loginUser","event":[{"listen":"test","script":{"id":"bfa421cd-52cc-46ff-891c-4ff0b1b8c111","exec":["const responseData = pm.response.json();\r","const token = responseData.token;\r","\r","pm.environment.set(\"token\", token);\r",""],"type":"text/javascript","packages":{}}}],"id":"22930142-e931-4018-8614-15d5e8ded196","protocolProfileBehavior":{"disableBodyPruning":true},"request":{"method":"POST","header":[],"body":{"mode":"raw","raw":"{\r\n    \"email\": \"josediago@gmail.com\",\r\n    \"password\": \"password\"\r\n}","options":{"raw":{"language":"json"}}},"url":{"raw":"{{url}}/api/v1/auth/login","host":["{{url}}"],"path":["api","v1","auth","login"]}},"response":[]},{"name":"changePassword","id":"72e3afc4-3cbe-4896-95cf-c3c4044472d8","protocolProfileBehavior":{"disableBodyPruning":true},"request":{"auth":{"type":"bearer","bearer":[{"key":"token","value":"{{token}}","type":"string"}]},"method":"POST","header":[],"body":{"mode":"raw","raw":"{\r\n    \"oldPassword\": \"admin\",\r\n    \"newPassword\": \"password\"\r\n}","options":{"raw":{"language":"json"}}},"url":{"raw":"{{url}}/api/v1/auth/change-password","host":["{{url}}"],"path":["api","v1","auth","change-password"]}},"response":[]}]}