{"info":{"_postman_id":"ebf336df-715d-4bfd-9219-d003b16dcafa","name":"products","schema":"https://schema.getpostman.com/json/collection/v2.1.0/collection.json"},"item":[{"name":"createProduct","id":"ecbf429b-0156-40d3-9052-30b1ebfb724c","protocolProfileBehavior":{"disableBodyPruning":true},"request":{"auth":{"type":"bearer","bearer":[{"key":"token","value":"{{token}}","type":"string"}]},"method":"POST","header":[],"body":{"mode":"raw","raw":"{\r\n    \"title\": \"Samsung Galaxy S24 Duplicate\",\r\n    \"stock\": 20,\r\n    \"buyingPrice\": 55000.00,\r\n    \"sellingPrice\": 58999.99,\r\n    \"categoryId\": 1\r\n}","options":{"raw":{"language":"json"}}},"url":{"raw":"{{url}}/api/v1/products/","host":["{{url}}"],"path":["api","v1","products",""]}},"response":[]},{"name":"findProducts","id":"d9b787b8-7c23-4a79-839c-018606aebf57","protocolProfileBehavior":{"disableBodyPruning":true},"request":{"auth":{"type":"bearer","bearer":[{"key":"token","value":"{{token}}","type":"string"}]},"method":"GET","header":[],"url":{"raw":"{{url}}/api/v1/products/","host":["{{url}}"],"path":["api","v1","products",""]}},"response":[]},{"name":"updateProduct","id":"97ac948c-9796-4775-bf51-2ee527131af7","protocolProfileBehavior":{"disableBodyPruning":true},"request":{"auth":{"type":"bearer","bearer":[{"key":"token","value":"{{token}}","type":"string"}]},"method":"PATCH","header":[],"body":{"mode":"raw","raw":"{\r\n    \"title\": \"Samsung Galaxy S24\",\r\n    \"stock\": 25,\r\n    \"buyingPrice\": 55999.99,\r\n    \"sellingPrice\": 59999.99,\r\n    \"createdAt\": \"2024-08-30T04:23:09.818Z\",\r\n    \"categoryId\": 1\r\n}","options":{"raw":{"language":"json"}}},"url":{"raw":"{{url}}/api/v1/products/1","host":["{{url}}"],"path":["api","v1","products","1"]}},"response":[]},{"name":"deleteProduct","id":"e78b4a52-516d-434c-a04c-5d951098ca83","protocolProfileBehavior":{"disableBodyPruning":true},"request":{"auth":{"type":"bearer","bearer":[{"key":"token","value":"{{token}}","type":"string"}]},"method":"DELETE","header":[],"url":{"raw":"{{url}}/api/v1/products/2","host":["{{url}}"],"path":["api","v1","products","2"]}},"response":[]},{"name":"findProductsCount","id":"09eaf294-0687-4160-a1b1-1800b431b895","protocolProfileBehavior":{"disableBodyPruning":true},"request":{"auth":{"type":"bearer","bearer":[{"key":"token","value":"{{token}}","type":"string"}]},"method":"GET","header":[],"url":{"raw":"{{url}}/api/v1/products/count","host":["{{url}}"],"path":["api","v1","products","count"]}},"response":[]}]}